{"cameraMode":{"drawMode":0,"name":"Shaded","section":"Shading Mode"},"sceneLighting":true,"audioPlay":false,"sceneViewState":{"showFog":true,"showMaterialUpdate":false,"showSkybox":true,"showFlares":true,"showImageEffects":true,"showParticleSystems":true},"in2DMode":false,"pivot":{"x":15.079946517944336,"y":28.994590759277345,"z":100.69886779785156},"rotation":{"x":-0.45112550258636477,"y":0.1216772124171257,"z":-0.06223706901073456,"w":-0.8819519877433777},"size":373.8060607910156,"orthographic":false}