{"cameraMode":{"drawMode":0,"name":"Shaded","section":"Shading Mode"},"sceneLighting":true,"audioPlay":false,"sceneViewState":{"showFog":true,"showMaterialUpdate":false,"showSkybox":true,"showFlares":true,"showImageEffects":true,"showParticleSystems":true},"in2DMode":false,"pivot":{"x":12.272178649902344,"y":33.04937744140625,"z":63.59835433959961},"rotation":{"x":0.3951312303543091,"y":-0.4629577696323395,"z":0.2420804500579834,"w":0.7556232810020447},"size":24.774993896484376,"orthographic":false}