{"cameraMode":{"drawMode":0,"name":"Shaded","section":"Shading Mode"},"sceneLighting":true,"audioPlay":false,"sceneViewState":{"showFog":true,"showMaterialUpdate":false,"showSkybox":true,"showFlares":true,"showImageEffects":true,"showParticleSystems":true},"in2DMode":false,"pivot":{"x":-8.080633163452149,"y":-3.2500476837158205,"z":18.11223030090332},"rotation":{"x":-0.24008892476558686,"y":0.5258432030677795,"z":-0.1576513797044754,"w":-0.8006793856620789},"size":40.51908493041992,"orthographic":false}